/transform-fusion-imu,0,0,0,0,0,0,0,0,0,0,0,0,0,0,0,0,0,0,0,0,0,0,0,0,0,0,0,0,0,0,0,0,0,0,0,0,0,0,0,0,0,0,0,0,0,0,0,0,0,0
/imu-preintegration-constructor-imu,0,0,0,0,0,0,0,0,0,0,0,0,0,0,0,0,0,0,0,0,0,0,0,0,0,0,0,0,0,0,0,0,0,0,0,0,0,0,0,0,0,0,0,0,0,0,0,0,0,0
/initialize-value-feature,0,0,0,0,0,0,0,0,0,0,0,0,0,0,0,0,0,0,0,0,0,0,0,0,0,0,0,0,0,0,0,0,0,0,0,0,0,0,0,0,0,0,0,0,0,0,0,0,0,0
/reset-parameters-image,0,0,0,0,0,0,0,0,0,0,0,0,0,0,0,0,0,0,0,0,0,0,0,0,0,0,0,0,0,0,0,0,0,0,0,0,0,0,0,0,0,0,0,0,0,0,0,0,0,0
/allocate-memory-image,0,0,0,0,0,0,0,0,0,0,0,0,0,0,0,0,0,0,0,0,0,0,0,0,0,0,0,0,0,0,0,0,0,0,0,0,0,0,0,0,0,0,0,0,0,0,0,0,0,0
/allocate-memory-image/reset-parameters-image,0,0,0,0,0,0,0,0,0,0,0,0,0,0,0,0,0,0,0,0,0,0,0,0,0,0,0,0,0,0,0,0,0,0,0,0,0,0,0,0,0,0,0,0,0,0,0,0,0,0
/cloud-handler-image,936122,944072185,994307202,994395999,994710693,994574370,994547356,994587165,993654980,994218320,992398111,992932074,992496096,914697035,888926356,849220323,838115351,868230111,960486642,994387264,994673989,994693860,994575068,994938825,994323474,994616824,991976335,935298108,959760936,994146115,994878327,993315947,994280259,995430332,995290457,994839948,995552827,993943437,994586558,994605658,993748612,993190032,993832769,994581711,638352596,0
/cloud-handler-image/cache-pointcloud-image,915609,21032980,19527822,20539144,18899709,20596267,18873754,19943828,21901807,20116670,24680090,21613256,24252557,22625090,21092214,22022608,22965865,22433530,16480509,18083747,18958941,17628249,18873178,18433775,18147048,17726683,23732123,22161593,23120589,19573005,16864199,21728744,18265420,16170129,15848011,16501471,15629539,17034378,16451096,18064358,22526299,22062129,20087803,19506827,12203017,0
/imu-handler-image,81824,959383,754721,667760,540176,496523,585130,664847,538864,679088,639540,555183,859411,1004783,1029375,967063,1015580,4044038,882326,521644,576558,580211,575086,638259,578638,525994,595023,1084322,1782577,2210786,427146,422287,357579,361645,340803,535210,540139,645488,421514,557200,530192,589682,416391,472967,200199,0
/imu-handler-imu,110850,5806556,7263456,7500397,7766954,7000069,11474267,7134529,7922937,7749546,8275295,7279931,8825478,8790448,12164008,19013792,12579725,28214363,21027481,7846159,7993720,7390428,12959324,7799744,19738446,7174655,7635114,9958770,9183831,7594659,27986326,8126994,10351894,7438994,26140223,9474809,8670605,9678636,10560510,8120832,11050031,8303947,11264620,16868220,4564760,0
/laser-cloud-info-handler-feature,42674398,42655518,44271527,44882424,45175011,42997608,43809372,46677643,40128248,43514454,41455865,42604766,38966265,35974378,33924274,34030321,35451031,37623412,45055579,39902260,41105682,44592047,40352540,40934122,45333893,41993226,39168704,39727275,38524138,41809188,42051111,41317876,45660651,43847193,43790393,43749752,40876553,40531905,43211529,43020004,40510558,42706621,45191039,28995980,0
/laser-cloud-info-handler-feature/publish-feature-cloud-feature,2692073,2592392,2575331,4666687,3468893,3210069,3071924,3663267,2327935,2674314,3772550,3205911,2464386,2235228,2097271,2078710,2449667,2233983,2378750,2650885,2885067,2446339,2880526,2467040,3406749,3107796,2525732,2576325,2419807,2429824,3414969,2468771,3008560,2442563,2391360,2936114,2299550,2824012,2932079,2455811,2379362,3325946,4330579,1627790,0
/laser-cloud-info-handler-feature/publish-feature-cloud-feature/free-cloud-info-memory-feature,17248,18560,18208,18880,21120,22528,22690,48003,22560,22656,21632,21121,18529,17504,16480,18016,17153,17953,19298,16096,15424,19520,15425,19104,19105,25920,21121,23488,15328,18304,18370,18816,16450,16450,14752,16961,14496,14848,18656,19712,19970,21312,21344,13377,0
/laser-cloud-info-handler-feature/extract-features-feature,29851590,29561788,30954116,30446929,31416237,29946725,30307888,32809588,28678788,29931269,28337181,29488220,27588934,25573459,24054343,23798880,24824058,26179298,31891895,28407644,29291700,32311780,28753285,29525433,30405937,28448187,27614472,27764619,27062261,30035814,29026477,29798144,33117466,31495953,31397291,31570893,28804965,28690596,30618292,30127018,28168406,29199058,30933922,20431589,0
/laser-cloud-info-handler-feature/mark-occluded-points-feature,2524035,2677095,2907406,2696710,2977008,2788173,2795176,2870251,2618024,2778827,2605475,2800298,2679593,2507041,2401856,2396865,2460224,2487457,2638569,2242301,2257148,2219837,1982487,2149116,2424482,2664262,2350112,2214555,2009207,2375168,2337917,2047385,2204572,3004464,2171804,2210618,2619942,2311807,2472292,2771175,2744646,3049426,2718472,1857105,0
/laser-cloud-info-handler-feature/calculate-smoothness-feature,1662671,1710349,1939602,1691215,1778993,1864178,1878772,1733582,1579883,2194365,1616907,1697807,1474888,1290403,1224194,1333473,1312481,1449607,2120473,1477033,1534983,1691951,1662542,1544264,1671150,1822802,1500491,1684749,1662314,1628842,1768752,1635147,1770671,1633642,1965907,1702254,1565065,1549546,1744589,1837712,1678252,1650894,1712719,1114303,0
/odometry-handler-image,521034,854487,520650,607919,479466,490798,580334,453066,494378,579341,457069,751570,823574,902742,2732927,915283,3298194,709005,481677,481868,479529,451724,494377,489874,448773,493863,1515562,1527397,2915660,329543,314759,311566,313385,317351,462863,456110,528174,360135,481516,436680,468880,358025,420297,200774,0
/cloud-handler-image/cloud-extraction-image,4560987,4472725,4528504,4333012,4415352,4409238,4339539,4584571,4143088,4650206,4734850,4468468,4433781,4155987,3961673,3927946,4099537,4107380,4071054,3798471,3675107,3892423,3655682,4055852,3933674,4062799,3982633,4031371,3687876,3875369,3930056,3627713,3694180,3664289,3723043,3792070,3697572,3699812,3812646,4438811,4179090,4224178,4241621,2860237,0
/cloud-handler-image/deskew-info-image/imu-deskew-info-image,283463,247750,259019,237993,251912,245738,247522,262471,242632,279207,270599,291943,311465,287943,291592,279078,281033,236837,218051,209958,213159,237701,220804,247974,233351,321575,324969,286632,230215,234598,262729,227109,218182,212613,220325,226341,217509,202466,204484,285222,281766,248932,248008,165987,0
/cloud-handler-image/deskew-info-image/odom-deskew-info-image,133505,275465,279366,257958,284679,271622,264872,284200,255718,294442,298026,327084,345384,297066,298856,281129,293862,254954,231144,232454,240484,251848,244394,257289,260999,353864,363500,312616,262824,235177,291331,251016,228837,244552,233704,235944,236583,226757,231016,304647,299241,299050,284745,182439,0
/cloud-handler-image/project-pointcloud-image/deskew-point-image/find-position-image,134524257,142861833,140050209,142219547,143136403,142822529,142798734,141174087,143205328,140651264,142319353,141291582,128993566,126343652,121524179,119748650,126481005,137939428,141954827,140927035,140838737,142072161,142464703,141671373,141983724,140786305,132423089,136511141,141081209,142350973,141074036,142309753,143334100,142793440,142951738,142686300,141164248,141890381,141453268,140864996,140601549,141901565,142555555,92850459,0
/cloud-handler-image/deskew-info-image,529678,639314,645011,596240,644272,628530,624174,666804,598544,706645,682706,748917,833239,731604,731859,699985,732724,608689,541357,540302,544718,586736,561904,599600,583824,802356,840183,743156,614193,556689,661265,561358,526637,537710,542800,548525,553871,506412,526863,708401,694866,653202,634706,419531,0
/cloud-handler-image/project-pointcloud-image/deskew-point-image/find-rotation-image,138022560,146345626,144021527,146211038,146671139,145582289,146490048,144156197,146255883,144740022,145104356,144281116,132980955,130111489,123474237,122137456,126183289,141497902,146409701,144884628,144834659,144419431,144947887,144567404,145873685,143710204,135570615,138870752,145051316,145218022,145119556,145568170,147058071,148012844,146502592,146550109,145636055,144717680,145681049,144258824,144337183,145549156,146413879,94331794,0
/cloud-handler-image/project-pointcloud-image/deskew-point-image,727639890,768876962,754792028,767119137,767990920,767593944,768285617,766226840,765655741,759446983,764324076,763323241,699291819,681143465,650892617,642077181,664580194,745187111,770152711,768386330,771194176,767879184,770100191,768472099,770831609,761926794,718781500,735457107,767318819,771722776,766333508,771379613,776571685,774824829,774147355,776449029,771087115,773557310,771692935,763797785,763830754,766507157,768499107,494134464,0
/cloud-handler-image/project-pointcloud-image,911911063,964194745,962582057,964786944,962553347,965208936,964261359,959914516,963768700,955516701,960266037,957148069,880775097,857418722,816751229,804669045,835065990,933980483,965385362,964946373,966958779,965098182,964960606,965210053,966838061,957268970,902498985,924645401,964290559,967301548,960914852,965562080,970001684,970249143,968293216,969626819,966725971,968568193,966496680,960424900,960410399,963248360,964306598,618923626,0
/cloud-handler-image/reset-parameters-image,1494665,1580715,1656492,1554793,1634893,1579944,1578346,1601898,1458600,1733007,1739982,1702801,1712688,1639565,1654378,1662059,1639592,1415205,1316003,1236703,1230047,1329155,1226306,1423781,1428489,1905426,1818928,1670701,1402309,1316292,1634797,1387558,1207487,1213694,1235106,1228834,1264547,1239841,1234560,1694925,1630283,1650095,1539879,1038972,0
/cloud-handler-image/publish-clouds-image,4148816,3488958,4083534,4205396,4411610,3497377,3485279,4646590,3811909,4699933,3553439,3774630,3804744,3362394,3624102,3685539,3733093,3516252,4697569,4889859,4365268,4507256,5806812,4578713,3796518,3813672,3464607,5031687,4219985,4690014,4145202,4611162,3603328,3541184,4266196,4454293,4366227,3875594,4189618,3611937,3818792,3671202,4048426,2680488,0
/imu-odometry-handler-imu/odom-to-affine-imu,742418,1124573,1108639,1091772,1249867,1134395,1097816,1235032,1173924,1111447,1299126,1312388,1204096,1212513,1174755,1321156,1252515,1256127,1200579,1131458,1176829,1151446,1192024,1379397,1330534,1357349,1357420,1308356,1315589,1315780,1502244,1310936,1241402,1385711,1430441,1466054,1303677,1252774,1218677,1226718,1274142,1478831,1294528,470219,0
/imu-odometry-handler-imu,7081826,8077021,8252449,10671108,8901174,28876199,9793029,10953317,27065729,8500804,10457655,9706536,9294948,9410668,11671990,9630594,9253370,9340993,18946469,9301536,14651575,15110934,9942956,15826836,22555645,22970672,11794232,9619113,10468469,22315731,11332435,11691387,29589428,44723379,38778458,16140724,19352997,25199171,19838168,15065382,10055307,33287550,18790727,3745188,0
/odometry-handler-imu/failure-detection-imu,11648,17184,14689,16256,14177,17248,17153,17120,17216,19392,19490,22880,26081,28545,19520,24033,22882,21216,10240,13920,11840,15264,14305,17825,14433,21344,16032,14176,18528,16641,17952,19137,18112,21537,17057,19361,16416,16224,14529,18880,17184,21056,21409,14656,0
/odometry-handler-imu,2624072,3817061,6275401,6579791,4350454,5080106,4646878,6591729,7304645,13119425,12609363,15552483,17476023,20304483,18684504,20778671,26210626,22900040,6693012,6018113,5766140,8352544,8326079,11164524,7341957,8483300,10408502,8300735,10230226,10853283,11365041,10737856,13463786,14466405,19927126,11496982,18182602,11396403,6174217,9319676,10649662,13608844,10397688,9025683,0
/odometry-handler-imu/reset-optimization-imu,28289,0,0,0,0,0,0,0,0,0,0,0,0,0,0,0,0,0,1395814,0,0,0,0,0,0,0,0,0,0,0,0,0,0,0,0,0,0,1397445,0,0,0,0,0,0,0
/lidar-odometry-handler-imu,88226,74370,53026,57698,54370,66242,54209,69441,58624,70498,65026,69698,70498,64194,56097,60962,72004,68068,42881,49153,43170,53633,54210,66467,58690,73120,70051,57506,62244,54690,56992,70947,50785,2841644,57283,58209,54593,68416,54434,59713,66819,70115,62721,57728,0
/lidar-odometry-handler-imu/odom-to-affine-imu,57633,25952,21312,22209,18146,24897,17825,24736,21856,24322,24225,26689,28384,23841,21281,23169,26498,24224,16289,17728,16929,20032,18944,23584,21376,26080,26721,21728,22658,18368,22848,25313,20544,21696,23105,23552,21505,24512,20641,23776,24097,26626,24577,20672,0
/publish-frames-mapop,212261,281960,261352,252742,216295,230278,179302,229894,226502,258215,286375,280839,369002,377257,286023,561070,362698,269256,241159,306184,1753135,272073,351177,243880,239078,492877,383016,349352,291592,262119,2497474,443947,276167,471659,250183,327017,292680,386762,1283364,399596,749651,385929,318922,163813,0
/save-keyframes-and-factor-mapop,2789610,27872,21664,25537,22049,26784,24801,27617,271463,26369,26784,26497,26400,27648,24224,24160,27041,23169,283816,282664,16578,299848,286792,291210,595568,845399,584175,309321,306440,601872,881401,787988,746356,415435,441006,1346437,345129,473356,1292739,27552,494734,460462,24768,19040,0
/scan2map-cuda-mapop,74842850,53726567,45474153,65293887,100238027,151629331,101112355,174529948,226795386,170470606,163655413,138797497,173056080,133512521,106272171,108971027,90762986,100160198,110272727,105651834,116057233,96651304,64262464,75161061,120225440,96902992,85657854,103728836,73173167,75057986,88170305,91273108,95273985,77526849,89340063,205734198,140179510,110112046,162452748,174984381,170517602,139343326,236063267,124851961,0
/scan2map-cuda-mapop/transform-update-mapop,62369,88098,65090,79587,75202,85633,78625,92577,85444,90851,90723,86883,92833,93891,78083,76642,91520,80929,59491,72289,56480,72836,82434,85282,72258,96610,88193,73922,70050,73826,79202,157283,77729,77090,68256,214245,78082,81568,69219,96452,92704,93442,85859,69826,0
/downsample-current-scan-mapop,1282658,1511624,1223232,1486857,1465672,1231905,1216512,1678220,1453673,1370436,1085437,1327171,1351045,1332388,1047005,1018813,1263234,1234336,1364037,1762638,1904211,1285954,1473992,1614188,1211328,1682924,1491208,1392294,1496137,1532809,1758030,1970774,1841873,1783216,1862353,1733391,2166266,1482057,2166010,1317186,1297123,1351716,1364518,920024,0
/publish-odometry-mapop,1050365,352105,562511,892729,259943,1049884,1266497,1951638,1194560,1076156,1176863,670354,243494,245320,200006,292999,249830,268262,264679,201605,1030172,546575,1728398,1111389,1408965,295751,254887,211814,298312,663794,654194,271401,856790,292552,496652,226406,250344,368362,2840523,522766,240966,709747,278952,1113215,0
/correct-poses-mapop,5793,6081,4737,5984,5088,5632,5280,6080,6912,6208,6176,5888,5984,6017,5120,5122,6048,4992,4416,6913,4064,6048,5632,25537,5825,8800,7008,5472,5344,6656,61794,68225,71427,74082,78530,85986,5696,87682,87587,5952,90532,94498,5312,4352,0
/extract-surrounding-keyframes-mapop,3708804,1060955,881591,1126558,1122652,889943,904633,1321827,2123642,1806226,1381029,1534025,1567560,1741263,1281571,1322788,1537481,1278498,767060,5193164,4534618,4399287,4768705,6249319,6890648,13744594,9324025,8893007,9382173,11675194,11345586,15399871,18675573,14115899,18806203,16006575,21043062,14004153,15461983,20656779,17714044,16103088,13821843,9005748,0
/update-initial-guess-mapop,2509285,65540,55522,69730,75138,57794,68707,72737,69536,65889,175749,68353,71424,72194,58306,58724,69569,57221,49122,57027,144421,46656,58977,68480,54369,78114,70529,60098,60066,76322,59392,70467,61088,59907,58752,69697,59298,58144,58304,80097,56097,69378,57344,47552,0
